date,all,am_long,am_short,am_net,lev_long,lev_short,lev_net
2017-01-03,69341,10730,-448,10282,35921,-4370,31551
2017-01-10,65240,9831,-557,9274,32511,-5220,27291
2017-01-17,65209,9389,-586,8803,32294,-5316,26978
2017-01-24,67349,10173,-267,9906,35101,-10381,24720
2017-01-31,64011,8363,-261,8102,31771,-10051,21720
2017-02-07,64132,8265,-258,8007,32903,-9748,23155
2017-02-14,63515,8274,-547,7727,31838,-10069,21769
2017-02-21,63482,8421,-537,7884,31364,-8773,22591
2017-02-28,69610,9920,-222,9698,34381,-9759,24622
2017-03-07,73766,9961,-439,9522,36163,-7210,28953
2017-03-14,88054,11856,-354,11502,35879,-6376,29503
2017-03-21,66701,10762,-860,9902,31508,-3492,28016
2017-03-28,67117,11276,-514,10762,32327,-4370,27957
2017-04-04,64819,9696,-628,9068,29446,-4871,24575
2017-04-11,64569,9252,-1048,8204,30930,-4222,26708
2017-04-18,65530,9264,-1163,8101,31836,-4552,27284
2017-04-25,66700,9837,-847,8990,32761,-6393,26368
2017-05-02,63185,9241,-737,8504,29475,-5521,23954
2017-05-09,60651,7813,-653,7160,26645,-5594,21051
2017-05-16,60726,7295,-554,6741,26363,-6439,19924
2017-05-23,60170,6913,-596,6317,25997,-6839,19158
2017-05-30,59950,7206,-380,6826,27293,-7256,20037
2017-06-06,62343,7195,-121,7074,28338,-8003,20335
2017-06-13,71798,8340,-194,8146,29504,-8455,21049
2017-06-20,61134,9088,-238,8850,29539,-6659,22880
2017-06-27,65668,8910,-532,8378,34084,-6159,27925
2017-07-03,67412,11861,-573,11288,33011,-7858,25153
2017-07-11,64752,12359,-521,11838,30347,-8092,22255
2017-07-18,64619,11865,-665,11200,30998,-9482,21516
2017-07-25,65152,11721,-931,10790,31662,-9065,22597
2017-08-01,68506,12308,-2150,10158,33076,-12436,20640
2017-08-08,71449,12599,-1843,10756,36197,-11368,24829
2017-08-15,75987,13562,-2087,11475,41156,-8655,32501
2017-08-22,76255,13716,-2147,11569,41041,-5969,35072
2017-08-29,77718,13400,-2985,10415,43482,-6918,36564
2017-09-05,74819,13710,-3331,10379,38984,-4959,34025
2017-09-12,84360,14792,-2869,11923,40202,-6231,33971
2017-09-19,76971,14915,-2407,12508,42913,-6728,36185
2017-09-26,78934,14466,-2766,11700,46007,-5144,40863
2017-10-03,77180,13930,-2518,11412,42953,-6158,36795
2017-10-10,77870,13223,-2600,10623,43505,-6580,36925
2017-10-17,78925,13164,-2288,10876,42120,-7207,34913
2017-10-24,81044,13511,-2789,10722,42124,-6634,35490
2017-10-31,79979,14225,-3037,11188,40658,-6306,34352
2017-11-07,78121,12206,-2528,9678,40188,-5747,34441
2017-11-14,79161,13220,-2725,10495,39572,-4233,35339
2017-11-21,77797,15184,-3450,11734,34886,-4734,30152
2017-11-28,76112,15030,-2974,12056,32130,-6439,25691
2017-12-05,78456,14204,-2225,11979,34557,-6340,28217
2017-12-12,86632,15184,-2296,12888,32963,-5646,27317
2017-12-19,72370,15255,-3421,11834,30336,-4876,25460
2017-12-26,72295,16454,-3730,12724,29598,-5182,24416
2018-01-02,74369,16277,-3773,12504,30843,-5239,25604
2018-01-09,75319,16462,-3261,13201,29155,-7229,21926
2018-01-16,78618,17587,-3314,14273,30935,-8851,22084
2018-01-23,78388,16580,-3987,12593,28954,-8944,20010
2018-01-30,77825,16038,-4330,11708,28814,-6746,22068
2018-02-06,66241,12877,-299,12578,23125,-7540,15585
2018-02-13,63084,11817,-75,11742,17380,-10811,6569
2018-02-20,58963,11045,-1072,9973,16456,-11961,4495
2018-02-27,59086,11542,-864,10678,14521,-10467,4054
2018-03-06,58398,11880,-337,11543,14687,-9260,5427
2018-03-13,73002,12152,-922,11230,13322,-9542,3780
2018-03-20,53163,11680,-2150,9530,12606,-8191,4415
2018-03-27,51868,11815,-2086,9729,11840,-6993,4847
2018-04-03,48454,11295,-998,10297,9051,-6766,2285
2018-04-10,48443,11540,-575,10965,7719,-6823,896
2018-04-17,50772,11495,-1076,10419,8731,-6689,2042
2018-04-24,53519,8325,-2650,5675,11027,-10562,465
2018-05-01,51939,8236,-3066,5170,11852,-10157,1695
2018-05-08,51551,8865,-1770,7095,11476,-10736,740
2018-05-15,51111,8881,-2111,6770,10661,-8567,2094
2018-05-22,51450,8755,-2269,6486,10784,-7898,2886
2018-05-29,52530,8595,-2201,6394,11951,-8833,3118
2018-06-05,48855,8298,-1167,7131,11131,-7252,3879
2018-06-12,57351,9338,-360,8978,11694,-5832,5862
2018-06-19,43300,8938,-2368,6570,11704,-8845,2859
2018-06-26,43398,8379,-1899,6480,10423,-10690,-267
2018-07-03,41911,7996,-1559,6437,9305,-7836,1469
2018-07-10,42365,8887,-150,8737,9691,-7242,2449
2018-07-17,43209,9073,-171,8902,10655,-6698,3957
2018-07-24,44888,9457,-113,9344,13002,-8179,4823
2018-07-31,46664,9205,0,9205,14980,-7793,7187
2018-08-07,50128,8956,0,8956,18109,-8602,9507
2018-08-14,49010,8404,-346,8058,16554,-8552,8002
2018-08-21,51229,8577,-16,8561,18668,-9543,9125
2018-08-28,52653,9269,-410,8859,20495,-9683,10812
2018-09-04,53146,13488,-908,12580,16137,-8269,7868
2018-09-11,54437,13535,-1032,12503,16571,-8321,8250
2018-09-18,64537,15296,-1901,13395,14296,-7119,7177
2018-09-25,53775,15020,-3960,11060,17749,-5177,12572
2018-10-02,57182,16735,-2673,14062,20319,-6871,13448
2018-10-09,52344,15006,-770,14236,16162,-5577,10585
2018-10-16,46361,13459,-161,13298,9626,-6732,2894
2018-10-23,44831,12670,-367,12303,9812,-7010,2802
2018-10-30,43677,9352,-293,9059,10489,-6991,3498
2018-11-06,41582,10145,0,10145,11463,-6020,5443
2018-11-13,42482,11249,-260,10989,9781,-5053,4728
2018-11-20,38900,8894,-213,8681,6797,-4965,1832
2018-11-27,39163,9008,-309,8699,6359,-3265,3094
2018-12-04,38536,8579,-773,7806,9074,-4173,4901
2018-12-11,36811,7447,-976,6471,8550,-4168,4382
2018-12-18,47207,7042,-1678,5364,10688,-3721,6967
2018-12-24,41713,6650,-2523,4127,15433,-4462,10971
2018-12-31,36864,7120,-1414,5706,11188,-4304,6884
2019-01-08,37228,7233,-1368,5865,10529,-6078,4451
2019-01-15,37610,6839,-2522,4317,11297,-5852,5445
2019-01-22,38510,7374,-2740,4634,10704,-6071,4633
2019-01-29,39174,7774,-3138,4636,9265,-6613,2652
2019-02-05,42870,8316,-3452,4864,9705,-9779,-74
2019-02-12,41834,8671,-5855,2816,9010,-5738,3272
2019-02-19,41069,8292,-3592,4700,10027,-5311,4716
2019-02-26,42707,9752,-3810,5942,10586,-4858,5728
2019-03-05,44409,10237,-5083,5154,10470,-4531,5939
2019-03-12,48613,9463,-2900,6563,10493,-3789,6704
2019-03-19,39831,9960,-5048,4912,11088,-4488,6600
2019-03-26,39096,9891,-1593,8298,10351,-2972,7379
2019-04-02,39880,8688,-1757,6931,11609,-3426,8183
2019-04-09,39565,10467,-955,9512,10728,-4660,6068
2019-04-16,40945,14768,-680,14088,5706,-3618,2088
2019-04-23,40466,11961,-468,11493,7500,-4716,2784
2019-04-30,41063,11051,-682,10369,9885,-5595,4290
2019-05-07,41408,15287,-391,14896,7800,-4003,3797
2019-05-14,40445,15473,-564,14909,7296,-8444,-1148
2019-05-21,38661,11758,-471,11287,6985,-8454,-1469
2019-05-28,39694,7271,-614,6657,7305,-7226,79
2019-06-04,39206,5864,-1985,3879,5753,-7971,-2218
2019-06-11,37341,6094,-1263,4831,6235,-6544,-309
2019-06-18,43795,9228,-723,8505,6894,-5793,1101
2019-06-25,41325,14404,-431,13973,10477,-3761,6716
2019-07-02,42532,15270,-177,15093,9573,-3335,6238
2019-07-09,40651,15973,-187,15786,7255,-3575,3680
2019-07-16,48891,20307,-1191,19116,10908,-5167,5741
2019-07-23,46842,17885,-1403,16482,11315,-4035,7280
2019-07-30,50564,19090,-1259,17831,13008,-3715,9293
2019-08-06,49129,17541,-1813,15728,14461,-2591,11870
2019-08-13,45609,15199,-2109,13090,13326,-2110,11216
2019-08-20,41103,11610,-2003,9607,12179,-1635,10544
2019-08-27,40195,11047,-1806,9241,12203,-1828,10375
2019-09-03,40519,11261,-1663,9598,12057,-1961,10096
2019-09-10,44467,14373,-1494,12879,11765,-3938,7827
2019-09-17,59753,14850,-3256,11594,12981,-3578,9403
2019-09-24,50109,17322,-3708,13614,12208,-3083,9125
2019-10-01,51743,17797,-3336,14461,11465,-2117,9348
2019-10-08,49078,16705,-1346,15359,8287,-2489,5798
2019-10-15,52347,17533,-1145,16388,10103,-3875,6228
2019-10-22,53193,17251,-601,16650,10664,-4263,6401
2019-10-29,57263,18065,-398,17667,12696,-4855,7841
2019-11-05,57565,17548,-232,17316,13872,-6368,7504
2019-11-12,56876,16215,-948,15267,13597,-5483,8114
2019-11-19,55084,15632,-1525,14107,12113,-5642,6471
2019-11-26,53659,15838,-1636,14202,11208,-4832,6376
2019-12-03,50967,15045,-2398,12647,8726,-5377,3349
2019-12-10,53903,17488,-1619,15869,8855,-9930,-1075
2019-12-17,60779,18877,-3627,15250,8520,-10919,-2399
2019-12-24,51518,17979,-4308,13671,9564,-9395,169
2019-12-31,53616,18097,-4274,13823,10927,-10015,912
2020-01-07,49078,16599,-1931,14668,8250,-8755,-505
2020-01-14,50993,19014,-2477,16537,8960,-9138,-178
2020-01-21,51888,16880,-2195,14685,10303,-6162,4141
2020-01-28,52420,17959,-2365,15594,9485,-5172,4313
2020-02-04,51291,16955,-2312,14643,10702,-6589,4113
2020-02-11,51211,12083,-2853,9230,9515,-6106,3409
2020-02-18,51736,10913,-2974,7939,9851,-6564,3287
2020-02-25,50734,10643,-3573,7070,9866,-6252,3614
2020-03-03,44848,8652,-2388,6264,6276,-6645,-369
2020-03-10,42743,6328,-2972,3356,6522,-5906,616
2020-03-17,41341,2688,-3123,-435,5444,-7330,-1886
2020-03-24,25081,2035,-2866,-831,3397,-3571,-174
2020-03-31,28194,3766,-3172,594,2888,-4932,-2044
2020-04-07,26996,3026,-2603,423,5105,-5137,-32
2020-04-14,30200,3333,-2799,534,6132,-8058,-1926
2020-04-21,30798,3033,-4990,-1957,6392,-6727,-335
2020-04-28,33751,2580,-6189,-3609,6846,-7475,-629
2020-05-05,33234,2767,-7166,-4399,6979,-7516,-537
2020-05-12,34803,3723,-6631,-2908,6573,-8583,-2010
2020-05-19,36842,4339,-6506,-2167,6791,-8697,-1906
2020-05-26,38789,4916,-5893,-977,7240,-10571,-3331
2020-06-02,39058,5633,-6139,-506,7082,-12098,-5016
2020-06-09,39723,6309,-4851,1458,9495,-12279,-2784
2020-06-16,46180,5839,-4802,1037,8489,-9989,-1500
2020-06-23,36461,5270,-5582,-312,8620,-4061,4559
2020-06-30,37388,5197,-4499,698,8563,-3543,5020
2020-07-07,35844,5367,-3928,1439,7278,-3298,3980
2020-07-14,40025,10163,-2550,7613,10019,-5930,4089
2020-07-21,39745,9877,-2515,7362,9035,-4926,4109
2020-07-28,41117,11833,-2877,8956,8479,-2874,5605
2020-08-04,45154,13007,-2390,10617,9922,-6452,3470
2020-08-11,47392,14198,-2195,12003,11268,-6728,4540
2020-08-18,46229,10725,-2258,8467,12622,-4797,7825
2020-08-25,42244,9529,-2498,7031,10658,-3979,6679
2020-09-01,41003,6844,-2542,4302,10862,-4660,6202
2020-09-08,36683,5020,-2465,2555,8783,-3381,5402
2020-09-15,44088,5952,-3169,2783,8517,-4201,4316
2020-09-22,34886,5718,-1971,3747,7071,-2523,4548
2020-09-29,37025,9571,-1176,8395,7272,-3310,3962
2020-10-06,42881,12313,-1301,11012,9514,-5016,4498
2020-10-13,44989,11713,-960,10753,10630,-4344,6286
2020-10-20,47565,14037,-1370,12667,10830,-4372,6458
2020-10-27,48635,13574,-1703,11871,9911,-3960,5951
2020-11-03,44597,10051,-1465,8586,7944,-4684,3260
2020-11-10,46842,13173,-1348,11825,8111,-7057,1054
2020-11-17,47984,9979,-1472,8507,8589,-8056,533
2020-11-24,49293,6228,-1654,4574,10046,-8405,1641
2020-12-01,47034,5858,-3154,2704,7924,-7650,274
2020-12-08,51358,7346,-3356,3990,9015,-9602,-587
2020-12-15,53587,6916,-2825,4091,6996,-10284,-3288
2020-12-21,40772,6567,-2225,4342,8020,-7129,891
2020-12-29,40919,7661,-1642,6019,7194,-7892,-698
2021-01-05,40600,7918,-1209,6709,6849,-8522,-1673
2021-01-12,42106,7668,-1132,6536,7770,-8787,-1017
2021-01-19,43314,8340,-1687,6653,6755,-8564,-1809
2021-01-26,44757,8196,-1597,6599,7350,-9378,-2028
2021-02-02,49889,13745,-1875,11870,7504,-7756,-252
2021-02-09,49829,14900,-1236,13664,7849,-9947,-2098
2021-02-16,46942,12311,-1197,11114,7481,-9214,-1733
2021-02-23,46040,11445,-1772,9673,6840,-9560,-2720
2021-03-02,44698,7725,-1728,5997,6027,-9912,-3885
2021-03-09,46402,8090,-3139,4951,5557,-8482,-2925
2021-03-16,54432,7862,-2378,5484,7931,-9372,-1441
2021-03-23,45440,8117,-2796,5321,9208,-3212,5996
2021-03-30,44724,8079,-3832,4247,8805,-4261,4544
2021-04-06,47120,9198,-4078,5120,9000,-4924,4076
2021-04-13,46072,9570,-3296,6274,8261,-6561,1700
2021-04-20,45617,8847,-2764,6083,6767,-5254,1513
2021-04-27,45600,9351,-2186,7165,6974,-5577,1397
2021-05-04,45992,10918,-1368,9550,8196,-6268,1928
2021-05-11,49322,11308,-1898,9410,9319,-7213,2106
2021-05-18,47834,12883,-1735,11148,7005,-6787,218
2021-05-25,49408,14333,-1304,13029,7890,-8482,-592
2021-06-01,51621,15796,-1182,14614,8258,-9617,-1359
2021-06-08,53147,13441,-1142,12299,9982,-8944,1038
2021-06-15,59702,11613,-1156,10457,11088,-7518,3570
2021-06-22,51309,11791,-1788,10003,10292,-7494,2798
2021-06-29,52814,16306,-2147,14159,10771,-6022,4749
2021-07-06,52986,16685,-2634,14051,11002,-1864,9138
2021-07-13,55827,16464,-1380,15084,13599,-4865,8734
2021-07-20,51350,13363,-1900,11463,12487,-5639,6848
2021-07-27,51277,16950,-1606,15344,9690,-6471,3219
2021-08-03,55408,18987,-1516,17471,10712,-7953,2759
2021-08-10,57378,21386,-1510,19876,10219,-9615,604
2021-08-17,53963,19868,-1669,18199,8337,-9540,-1203
2021-08-24,53847,19277,-1779,17498,9100,-10042,-942
2021-08-31,54638,18144,-1726,16418,10311,-10296,15
2021-09-07,53390,14845,-1788,13057,8403,-7675,728
2021-09-14,60533,12393,-1849,10544,10918,-7180,3738
2021-09-21,47942,11073,-2122,8951,8672,-5841,2831
2021-09-28,49272,13428,-2777,10651,8774,-3234,5540
2021-10-05,48120,10834,-2811,8023,10792,-1516,9276
2021-10-12,51020,13495,-2349,11146,10484,-2280,8204
2021-10-19,53020,14267,-1691,12576,11951,-3964,7987
2021-10-26,54648,15700,-1620,14080,13107,-5778,7329
2021-11-02,57066,17654,-1398,16256,12696,-5960,6736
2021-11-09,51733,13097,-1151,11946,12679,-3961,8718
2021-11-16,51900,13284,-1407,11877,12557,-4311,8246
2021-11-23,53046,14941,-1909,13032,11908,-4942,6966
2021-11-30,50802,13348,-2105,11243,10318,-4649,5669
2021-12-07,51530,15298,-2161,13137,11959,-5256,6703
2021-12-14,60334,12200,-2037,10163,10825,-4081,6744
2021-12-21,45692,9980,-1460,8520,10466,-3842,6624
2021-12-28,48375,11772,-1268,10504,12840,-6147,6693
2022-01-04,50879,14530,-939,13591,12899,-8115,4784
2022-01-11,46567,10057,-1416,8641,11618,-6864,4754
2022-01-18,47351,8225,-3281,4944,10800,-6126,4674
2022-01-25,46318,6911,-5796,1115,11465,-5573,5892
2022-02-01,43683,6875,-3550,3325,9294,-7508,1786
2022-02-08,41397,6881,-2644,4237,8345,-7371,974
2022-02-15,40696,5793,-2530,3263,8300,-5664,2636
2022-02-22,39796,5739,-3961,1778,8372,-5736,2636
2022-03-01,39034,5673,-3580,2093,6833,-7731,-898
2022-03-08,38780,6016,-5142,874,6771,-6527,244
2022-03-15,46279,5321,-4524,797,6333,-4826,1507
2022-03-22,31512,5144,-3292,1852,4079,-3303,776
2022-03-29,32654,5490,-3053,2437,3983,-4593,-610
2022-04-05,33316,5235,-3466,1769,4552,-4427,125
2022-04-12,35593,4376,-5269,-893,4879,-5192,-313
2022-04-19,38811,4375,-5095,-720,6804,-5782,1022
2022-04-26,42232,3489,-8158,-4669,8738,-7272,1466
2022-05-03,39724,2456,-6911,-4455,8472,-6283,2189
2022-05-10,41470,2992,-9945,-6953,9436,-7027,2409
2022-05-17,40099,3668,-9782,-6114,8834,-5192,3642
2022-05-24,41510,3365,-11101,-7736,9404,-6395,3009
2022-05-31,42241,3481,-10436,-6955,7534,-5655,1879
2022-06-07,40205,3982,-8774,-4792,7422,-6225,1197
2022-06-14,46792,3029,-9274,-6245,10796,-7608,3188
2022-06-21,34512,4338,-8772,-4434,6469,-5449,1020
2022-06-28,33380,3904,-8488,-4584,6182,-4430,1752
2022-07-05,33719,3666,-8968,-5302,6840,-4822,2018
2022-07-12,33627,3564,-8085,-4521,7184,-4409,2775
2022-07-19,35639,3601,-7775,-4174,8946,-6168,2778
2022-07-26,36644,3878,-8779,-4901,8832,-5816,3016
2022-08-02,36310,4648,-8608,-3960,8205,-5760,2445
2022-08-09,37697,5480,-7925,-2445,9525,-6381,3144
2022-08-16,40519,5981,-6396,-415,11545,-9091,2454
2022-08-23,40390,6227,-6657,-430,11905,-7772,4133
2022-08-30,38715,6695,-5384,1311,12264,-7068,5196
2022-09-06,38363,7214,-5106,2108,10989,-8101,2888
2022-09-13,46289,7636,-4660,2976,9065,-9133,-68
2022-09-20,32745,8013,-5112,2901,7855,-5458,2397
2022-09-27,33528,6970,-4820,2150,8691,-5881,2810
2022-10-04,33326,6683,-3806,2877,8324,-6004,2320
2022-10-11,32966,5958,-4188,1770,8989,-5138,3851
2022-10-18,34618,5699,-5289,410,8710,-5737,2973
2022-10-25,35360,5519,-5982,-463,6853,-6130,723
2022-11-01,37908,6831,-3625,3206,7757,-8313,-556
2022-11-08,38875,7955,-5175,2780,8911,-6976,1935
2022-11-15,36917,8242,-3289,4953,8237,-7900,337
2022-11-22,39633,9272,-3308,5964,8931,-9310,-379
2022-11-29,39542,9649,-3455,6194,8901,-8934,-33
2022-12-06,40889,10951,-3595,7356,8963,-8078,885
2022-12-13,53227,11449,-3956,7493,10129,-9179,950
2022-12-20,36303,9332,-2936,6396,13331,-3259,10072
2022-12-27,37475,9015,-3614,5401,12629,-4066,8563
2023-01-03,39866,9271,-3836,5435,13936,-4822,9114
2023-01-10,38814,9607,-3203,6404,13628,-4711,8917
2023-01-17,41330,9419,-3873,5546,14607,-5766,8841
2023-01-24,38826,8900,-2985,5915,11292,-6062,5230
2023-01-31,40193,8461,-3873,4588,11548,-6868,4680
2023-02-07,43150,9472,-4697,4775,11882,-7442,4440
2023-02-14,43725,9296,-4746,4550,12301,-7853,4448
2023-02-21,45644,8345,-7445,900,13504,-9087,4417
2023-02-28,44956,8170,-4883,3287,12546,-9201,3345
2023-03-07,44709,8225,-4944,3281,12080,-8307,3773
2023-03-14,52119,6456,-4573,1883,8449,-9487,-1038
2023-03-21,40874,6986,-4458,2528,7584,-10376,-2792
2023-03-28,38175,5933,-4900,1033,6304,-7571,-1267
2023-04-04,44146,5616,-5225,391,7940,-10302,-2362
2023-04-11,45132,7294,-5469,1825,8728,-11981,-3253
2023-04-18,48031,7560,-6099,1461,9170,-12629,-3459
2023-04-25,49609,7125,-6417,708,10271,-14326,-4055
2023-05-02,97094,13860,-12597,1263,21178,-25854,-4676
2023-05-09,96996,13849,-10627,3222,18710,-25126,-6416
2023-05-16,99483,15798,-11323,4475,17721,-25889,-8168
2023-05-23,97077,14534,-10934,3600,18151,-25333,-7182
2023-05-30,98019,14793,-8196,6597,17616,-26279,-8663
2023-06-06,103684,16250,-7447,8803,18461,-25601,-7140
2023-06-13,106498,17960,-2593,15367,15097,-24673,-9576
2023-06-20,87911,18750,-6287,12463,17740,-21577,-3837
2023-06-27,92561,18155,-13064,5091,17245,-19638,-2393
2023-07-03,95161,18157,-9554,8603,19959,-20396,-437
2023-07-11,97782,17239,-12632,4607,17954,-21543,-3589
2023-07-18,102267,17780,-7437,10343,20083,-26893,-6810
2023-07-25,114947,19634,-4203,15431,30599,-30317,282
2023-08-01,115736,21490,-4550,16940,33925,-28837,5088
2023-08-08,106566,19482,-6947,12535,30026,-18579,11447
2023-08-15,104216,17983,-11341,6642,17901,-18247,-346
2023-08-22,97208,15121,-12675,2446,11204,-21641,-10437
2023-08-29,96960,15728,-8630,7098,11717,-24544,-12827
2023-09-05,93933,17035,-7554,9481,8272,-23487,-15215
2023-09-12,102910,16342,-10116,6226,9981,-24318,-14337
2023-09-19,86992,16937,-12039,4898,10362,-14737,-4375
2023-09-26,92551,15482,-14970,512,13959,-22281,-8322
2023-10-03,100823,14417,-19222,-4805,16738,-34063,-17325
2023-10-10,94607,15346,-14843,503,8731,-34058,-25327
2023-10-17,96554,15625,-16237,-612,9806,-32436,-22630
2023-10-24,104581,13060,-23309,-10249,10928,-35405,-24477
2023-10-31,103936,13677,-26627,-12950,11385,-31843,-20458
2023-11-07,103306,14052,-22393,-8341,13137,-32986,-19849
2023-11-14,101030,14042,-22006,-7964,9805,-29022,-19217
2023-11-21,94498,17036,-21002,-3966,8096,-24387,-16291
2023-11-28,100979,20153,-18320,1833,11828,-24717,-12889
2023-12-05,94870,17493,-10065,7428,19676,-29113,-9437
2023-12-12,112076,20101,-7980,12121,17818,-24271,-6453
2023-12-19,100329,27554,-4617,22937,22929,-16882,6047
2023-12-26,98501,26070,-3098,22972,21798,-16666,5132
2024-01-02,103364,25130,-5749,19381,27952,-14898,13054
2024-01-09,103318,20028,-6880,13148,30652,-13501,17151
2024-01-16,100152,18865,-9296,9569,29959,-12029,17930
2024-01-23,101763,18390,-7604,10786,29311,-14754,14557
2024-01-30,110393,22517,-3917,18600,32812,-16272,16540
2024-02-06,104421,22715,-2033,20682,26560,-15910,10650
2024-02-13,105714,18776,-4829,13947,25708,-13566,12142
2024-02-20,104742,21194,-4899,16295,25658,-16105,9553
2024-02-27,106563,21870,-5736,16134,25957,-15860,10097
2024-03-05,101334,18209,-6826,11383,23162,-16047,7115
2024-03-12,115061,20491,-2800,17691,22313,-19936,2377
2024-03-19,93851,17339,-5289,12050,30072,-16897,13175
2024-03-26,92741,19532,-5779,13753,28340,-12856,15484
2024-04-02,93520,17492,-8487,9005,28629,-12682,15947
2024-04-09,92484,16925,-9824,7101,27629,-7274,20355
2024-04-16,93614,16707,-15636,1071,24211,-6804,17407
2024-04-23,90835,15757,-12809,2948,19330,-8742,10588
2024-04-30,89960,14636,-9243,5393,18870,-9862,9008
2024-05-07,92752,16274,-5901,10373,17456,-9661,7795
2024-05-14,99207,19671,-5344,14327,23760,-12670,11090
2024-05-21,103626,20252,-6694,13558,26999,-13980,13019
2024-05-28,97243,18308,-6368,11940,19250,-10448,8802
2024-06-04,100634,16012,-6535,9477,20830,-16078,4752
2024-06-11,107902,16584,-16352,232,25767,-17602,8165
2024-06-18,114233,18072,-15623,2449,14134,-20346,-6212
2024-06-25,84823,20780,-15511,5269,15135,-16763,-1628
2024-07-02,82128,16322,-13980,2342,15441,-12431,3010
2024-07-09,88307,19688,-18273,1415,17582,-13438,4144
2024-07-16,99652,23284,-13319,9965,24765,-18557,6208
2024-07-23,91047,21545,-13702,7843,19939,-20009,-70
2024-07-30,92185,19801,-13280,6521,21238,-21794,-556
2024-08-06,84440,15953,-16232,-279,19357,-18936,421
2024-08-13,81881,15672,-17559,-1887,16556,-14807,1749
2024-08-20,87145,19520,-16855,2665,18797,-14473,4324
2024-08-27,92406,21340,-14426,6914,17666,-14447,3219
2024-09-03,85167,19127,-13921,5206,16586,-11962,4624
2024-09-10,85971,17474,-12085,5389,17249,-13121,4128
2024-09-17,101534,18364,-11366,6998,22492,-12364,10128
2024-09-24,87645,23489,-10210,13279,20321,-12484,7837
2024-10-01,89570,24191,-9506,14685,23320,-12014,11306
2024-10-08,84731,18830,-9937,8893,20586,-10172,10414
2024-10-15,91117,23405,-9427,13978,20162,-13227,6935
2024-10-22,91035,25727,-9501,16226,17180,-13663,3517
2024-10-29,89974,22795,-9433,13362,16131,-13916,2215
2024-11-05,86343,18832,-7633,11199,17330,-15200,2130
2024-11-12,88312,20983,-6640,14343,16807,-14757,2050
2024-11-19,86770,16423,-9476,6947,14433,-15151,-718
2024-11-26,89349,19402,-7104,12298,17984,-20520,-2536
2024-12-03,92337,25332,-7600,17732,16479,-21878,-5399
2024-12-10,92474,21705,-7367,14338,14807,-22548,-7741
2024-12-17,108960,14976,-12016,2960,17531,-24260,-6729
2024-12-24,82150,14741,-14459,282,15491,-13234,2257
2024-12-31,83957,14573,-15602,-1029,16481,-10677,5804
2025-01-07,85367,13175,-11982,1193,17504,-11695,5809
2025-01-14,81768,10423,-13752,-3329,17591,-10051,7540
2025-01-21,81691,14249,-11244,3005,15674,-9958,5716
2025-01-28,85619,17151,-12231,4920,15897,-11562,4335
2025-02-04,82475,14607,-11701,2906,13128,-10132,2996
2025-02-11,81382,13645,-10700,2945,13027,-10161,2866
2025-02-18,82322,14047,-11842,2205,12879,-14306,-1427
2025-02-25,81664,11503,-12017,-514,13920,-14550,-630
2025-03-04,77647,10855,-11715,-860,14249,-14509,-260
2025-03-11,77307,11116,-15591,-4475,16440,-10358,6082
2025-03-18,94597,10425,-14081,-3656,17073,-8616,8457
2025-03-25,74443,15816,-14037,1779,7699,-9365,-1666
2025-04-01,74497,14517,-13757,760,8150,-8069,81
2025-04-08,73838,12054,-14300,-2246,11628,-9125,2503
2025-04-15,73931,14483,-10137,4346,9330,-11195,-1865
2025-04-22,78992,17222,-10106,7116,9112,-9073,39
2025-04-29,78341,18757,-9601,9156,9596,-10534,-938
2025-05-06,76175,16805,-9644,7161,8493,-11464,-2971
2025-05-13,77515,14751,-8867,5884,9162,-13530,-4368
2025-05-20,78995,16468,-9894,6574,10816,-15267,-4451
2025-05-27,80388,16655,-8613,8042,12793,-14035,-1242
2025-06-03,85461,16644,-8403,8241,14142,-13578,564
2025-06-10,88212,18436,-9046,9390,14852,-14845,7
2025-06-17,103343,18269,-8596,9673,15584,-13430,2154
2025-06-24,82269,18669,-9471,9198,10585,-14147,-3562
2025-07-01,86845,21911,-8409,13502,11312,-13529,-2217
2025-07-08,85138,19704,-8935,10769,10955,-12824,-1869
2025-07-15,83480,17178,-8168,9010,11194,-10928,266
2025-07-22,86201,17412,-11052,6360,12500,-11794,706
2025-07-29,86736,15856,-11355,4501,12055,-14704,-2649
2025-08-05,87993,17339,-10114,7225,11075,-17378,-6303
2025-08-12,88755,18697,-11270,7427,9828,-17446,-7618
2025-08-19,85223,18426,-13486,4940,9203,-17737,-8534
2025-08-26,86477,18103,-12851,5252,8963,-16950,-7987
2025-09-02,84001,13979,-11216,2763,6370,-16528,-10158
2025-09-09,89055,19020,-10713,8307,7126,-22116,-14990
2025-09-16,100891,15601,-11008,4593,6527,-22282,-15755
2025-09-23,78112,16982,-10816,6166,14233,-20567,-6334
2025-09-30,78830,15788,-10386,5402,8812,-30861,-22049
2025-10-07,82515,18264,-8817,9447,9067,-32062,-22995
2025-10-14,85017,18780,-8847,9933,9835,-34215,-24380
2025-10-21,92051,21095,-9924,11171,14084,-34861,-20777
2025-10-28,92593,26230,-8410,17820,11046,-33383,-22337
2025-11-04,88387,23296,-7126,16170,10100,-30299,-20199
2025-11-10,81781,19530,-5237,14293,7169,-32069,-24900
2025-11-18,82876,15517,-5430,10087,9574,-31154,-21580
2025-11-25,85923,19366,-5989,13377,6120,-32817,-26697
2025-12-02,82132,18456,-5466,12990,6832,-30244,-23412
2025-12-09,83015,19289,-6176,13113,8262,-28541,-20279
2025-12-16,90249,19891,-7969,11922,10014,-28495,-18481
2025-12-23,61462,15919,-6916,9003,8937,-18439,-9502
2025-12-30,61375,14729,-6580,8149,8667,-19120,-10453
2026-01-06,66021,17431,-5644,11787,10439,-19733,-9294
2026-01-13,68752,13937,-9028,4909,16270,-24161,-7891
2026-01-20,70237,12991,-12630,361,17159,-26342,-9183
2026-01-27,70906,15567,-11079,4488,15307,-29596,-14289
2026-02-03,70011,14587,-12271,2316,16302,-28201,-11899
2026-02-10,74433,17964,-7517,10447,15928,-27556,-11628
2026-02-17,68377,16080,-11009,5071,15039,-22791,-7752
2026-02-24,73183,14689,-10285,4404,15548,-21988,-6440
2026-03-03,75978,12697,-14782,-2085,17546,-19417,-1871
2026-03-10,74984,11720,-11367,353,17911,-18221,-310
2026-03-17,96572,11014,-7075,3939,19583,-19949,-366
2026-03-24,67922,11684,-10170,1514,11214,-14273,-3059
2026-03-31,70828,12752,-8596,4156,8566,-15384,-6818
2026-04-07,68557,10666,-10083,583,8684,-16090,-7406
2026-04-14,72089,13171,-7018,6153,6350,-18192,-11842
2026-04-21,74320,15127,-9405,5722,6120,-14955,-8835
2026-04-28,78128,13864,-11146,2718,7094,-18762,-11668
2026-05-05,82145,13396,-10758,2638,8006,-22603,-14597
2026-05-12,86762,14194,-16150,-1956,8537,-22538,-14001
2026-05-19,88152,13955,-21144,-7189,6854,-21432,-14578
2026-05-26,86461,14963,-14251,712,5877,-22074,-16197
2026-06-02,86937,15861,-14966,895,8005,-21903,-13898
2026-06-09,84273,14644,-15333,-689,9810,-18982,-9172
2026-06-16,108853,18089,-10288,7801,8517,-18415,-9898
2026-06-23,78956,15696,-9180,6516,8391,-17416,-9025
2026-06-30,83306,18172,-7937,10235,9359,-19337,-9978
2026-07-07,79726,14342,-8560,5782,12114,-13920,-1806
2026-07-14,76483,14343,-8730,5613,10010,-12788,-2778
2026-07-21,82002,13952,-8961,4991,12695,-16146,-3451
