date,all,long,short,net
2010-06-15,62170,5369,-4621,748
2010-06-22,37543,5705,-3993,1712
2010-06-29,41448,7324,-3125,4199
2010-07-06,40783,6616,-4764,1852
2010-07-13,39091,4819,-6256,-1437
2010-07-20,41245,6482,-4700,1782
2010-07-27,43524,7542,-4986,2556
2010-08-03,44759,10430,-4278,6152
2010-08-10,46277,9629,-3934,5695
2010-08-17,48402,13638,-4416,9222
2010-08-24,44608,9852,-4597,5255
2010-08-31,43120,9186,-5333,3853
2010-09-07,51637,6640,-4404,2236
2010-09-14,53351,11191,-6113,5078
2010-09-21,39273,12139,-5698,6441
2010-09-28,44430,17723,-3744,13979
2010-10-05,49007,21368,-3873,17495
2010-10-12,45517,17192,-4613,12579
2010-10-19,45097,16844,-4259,12585
2010-10-26,48054,19498,-3291,16207
2010-11-02,48467,19951,-4130,15821
2010-11-09,50875,22612,-6753,15859
2010-11-16,47805,17265,-5617,11648
2010-11-23,50667,17610,-6959,10651
2010-11-30,48594,15798,-5617,10181
2010-12-07,48189,18228,-3938,14290
2010-12-14,47633,13260,-3165,10095
2010-12-21,36880,10095,-3118,6977
2010-12-28,36546,9844,-2642,7202
2011-01-04,40020,13354,-3352,10002
2011-01-11,42612,15079,-3129,11950
2011-01-18,45419,16145,-5034,11111
2011-01-25,49782,18658,-6530,12128
2011-02-01,60570,21546,-4347,17199
2011-02-08,55629,15536,-5398,10138
2011-02-15,58212,17051,-4130,12921
2011-02-22,57762,16433,-5595,10838
2011-03-01,58911,13825,-4242,9583
2011-03-08,59316,15414,-3842,11572
2011-03-15,63793,11942,-2887,9055
2011-03-22,44989,15576,-4108,11468
2011-03-29,58786,24250,-4336,19914
2011-04-05,58807,26687,-4945,21742
2011-04-12,59261,26079,-4368,21711
2011-04-19,53057,20437,-4538,15899
2011-04-26,57431,21083,-4819,16264
2011-05-03,65524,29601,-6358,23243
2011-05-10,60500,25323,-4741,20582
2011-05-17,77478,16513,-3181,13332
2011-05-24,77677,15744,-3180,12564
2011-05-31,78430,16735,-3186,13549
2011-06-07,70449,10261,-5554,4707
2011-06-14,81758,10397,-3046,7351
2011-06-21,41287,10436,-3270,7166
2011-06-28,39596,10841,-2366,8475
2011-07-05,49758,18169,-4688,13481
2011-07-12,73447,25474,-3138,22336
2011-07-19,76111,24951,-2167,22784
2011-07-26,74390,19265,-2351,16914
2011-08-02,72896,16261,-2947,13314
2011-08-09,66231,15779,-1176,14603
2011-08-16,53860,8795,-6086,2709
2011-08-23,52216,7412,-1283,6129
2011-08-30,52814,7037,-3844,3193
2011-09-06,51603,8213,-2330,5883
2011-09-13,62157,8306,-2987,5319
2011-09-20,32752,7428,-2708,4720
2011-09-27,47828,5827,-3307,2520
2011-10-04,50342,8763,-1882,6881
2011-10-11,39332,10275,-4266,6009
2011-10-18,50365,6987,-879,6108
2011-10-25,53649,6572,-2608,3964
2011-11-01,56785,7954,-2467,5487
2011-11-08,42675,7171,-4569,2602
2011-11-15,45518,9858,-4268,5590
2011-11-22,61638,8099,-4185,3914
2011-11-29,59620,8186,-4842,3344
2011-12-06,66743,11207,-2785,8422
2011-12-13,106167,12678,-3423,9255
2011-12-20,45509,14449,-3798,10651
2011-12-27,44765,12651,-4184,8467
2012-01-03,47962,13816,-3864,9952
2012-01-10,50249,13413,-3894,9519
2012-01-17,50886,13940,-4327,9613
2012-01-24,51716,16294,-4558,11736
2012-01-31,51836,17444,-4519,12925
2012-02-07,54890,19704,-5388,14316
2012-02-14,53993,18506,-5624,12882
2012-02-21,53157,19310,-5083,14227
2012-02-28,55949,21253,-5789,15464
2012-03-06,54004,19077,-7468,11609
2012-03-13,95629,23586,-5643,17943
2012-03-20,53205,21690,-6752,14938
2012-03-27,53369,21065,-6378,14687
2012-04-03,52465,19811,-7193,12618
2012-04-10,49867,18142,-8443,9699
2012-04-17,51736,20087,-7083,13004
2012-04-24,50342,19659,-6055,13604
2012-05-01,56222,23380,-6554,16826
2012-05-08,51824,18077,-9697,8380
2012-05-15,50060,17836,-8465,9371
2012-05-22,67190,14209,-6564,7645
2012-05-29,68734,10900,-7337,3563
2012-06-05,72252,9900,-6243,3657
2012-06-12,88781,11108,-5832,5276
2012-06-19,38715,9785,-7545,2240
2012-06-26,45307,17650,-5002,12648
2012-07-03,45453,15211,-5071,10140
2012-07-10,43280,13226,-6197,7029
2012-07-17,41606,11573,-5298,6275
2012-07-24,39580,10655,-7239,3416
2012-07-31,49096,18289,-5857,12432
2012-08-07,52382,19835,-5857,13978
2012-08-14,52112,18140,-6048,12092
2012-08-21,56637,20812,-6999,13813
2012-08-28,58876,22042,-5087,16955
2012-09-04,56223,18913,-6026,12887
2012-09-11,62974,21841,-5891,15950
2012-09-18,75855,25501,-5972,19529
2012-09-25,60437,27727,-6551,21176
2012-10-02,62042,27217,-5622,21595
2012-10-09,57807,23223,-6224,16999
2012-10-16,60449,25678,-6472,19206
2012-10-23,55166,18722,-7940,10782
2012-10-30,53837,16472,-8687,7785
2012-11-06,51112,14735,-6462,8273
2012-11-13,50635,12483,-8915,3568
2012-11-20,48149,9387,-11227,-1840
2012-11-27,48110,8104,-10682,-2578
2012-12-04,47680,10533,-6824,3709
2012-12-11,50665,12947,-7715,5232
2012-12-18,77875,14859,-1962,12897
2012-12-24,48053,13374,-3273,10101
2012-12-31,46805,13650,-4785,8865
2013-01-08,46682,12463,-3591,8872
2013-01-15,51142,13688,-3723,9965
2013-01-22,55139,15702,-4029,11673
2013-01-29,57873,17078,-6281,10797
2013-02-05,58609,19318,-4964,14354
2013-02-12,61689,20017,-6539,13478
2013-02-19,61804,19004,-5290,13714
2013-02-26,62136,20854,-5422,15432
2013-03-05,69220,21390,-8669,12721
2013-03-12,102701,22210,-6202,16008
2013-03-19,53674,22914,-3891,19023
2013-03-26,55859,22196,-4560,17636
2013-04-02,56703,22713,-5380,17333
2013-04-09,55463,21507,-5605,15902
2013-04-16,57360,23021,-5310,17711
2013-04-23,59475,25500,-4077,21423
2013-04-30,60731,23531,-4369,19162
2013-05-07,60180,23762,-4945,18817
2013-05-14,59879,22570,-4765,17805
2013-05-21,57531,20351,-4263,16088
2013-05-28,57916,21424,-3774,17650
2013-06-04,58071,24387,-2683,21704
2013-06-11,55426,22767,-2743,20024
2013-06-18,76492,26072,-2968,23104
2013-06-25,45296,18589,-3454,15135
2013-07-02,47054,19214,-2154,17060
2013-07-09,52840,21841,-3988,17853
2013-07-16,58559,22706,-3171,19535
2013-07-23,60037,22643,-3135,19508
2013-07-30,61227,23681,-3044,20637
2013-08-06,61341,22220,-3670,18550
2013-08-13,63624,24826,-3346,21480
2013-08-20,54405,19160,-4171,14989
2013-08-27,51533,15023,-4225,10798
2013-09-03,49019,13336,-3366,9970
2013-09-10,66726,14294,-4685,9609
2013-09-17,84348,20351,-3525,16826
2013-09-24,68015,29003,-4204,24799
2013-10-01,59278,21238,-4482,16756
2013-10-08,50296,14776,-5097,9679
2013-10-15,61766,12691,-6816,5875
2013-10-22,65178,15413,-6271,9142
2013-10-29,71415,17990,-7991,9999
2013-11-05,76549,21783,-7275,14508
2013-11-12,78368,21879,-7492,14387
2013-11-19,79063,22167,-10054,12113
2013-11-26,81713,23581,-10072,13509
2013-12-03,86226,26097,-7864,18233
2013-12-10,84512,23873,-7564,16309
2013-12-17,87167,19012,-7004,12008
2013-12-24,59754,15183,-10626,4557
2013-12-31,59809,14937,-10354,4583
2014-01-07,63744,19460,-9859,9601
2014-01-14,66166,21395,-9511,11884
2014-01-21,66296,19491,-10200,9291
2014-01-28,61970,16126,-11282,4844
2014-02-04,58907,14214,-9726,4488
2014-02-11,66710,10397,-11972,-1575
2014-02-18,55663,12975,-13598,-623
2014-02-25,60457,15180,-11363,3817
2014-03-04,66245,19393,-12139,7254
2014-03-11,64348,17704,-13141,4563
2014-03-18,91896,20329,-8969,11360
2014-03-25,63777,16502,-12172,4330
2014-04-01,64050,17941,-12846,5095
2014-04-08,58307,13553,-14493,-940
2014-04-15,53600,12205,-12593,-388
2014-04-22,59993,13685,-12554,1131
2014-04-29,60892,16205,-11446,4759
2014-05-06,59360,15242,-13429,1813
2014-05-13,68067,21751,-13499,8252
2014-05-20,60912,16134,-16871,-737
2014-05-27,64624,18313,-13682,4631
2014-06-03,63905,17811,-14052,3759
2014-06-10,65446,18777,-14439,4338
2014-06-17,83468,17490,-13766,3724
2014-06-24,58112,14579,-15334,-755
2014-07-01,65075,20245,-14188,6057
2014-07-08,58489,15775,-13258,2517
2014-07-15,62186,19009,-13965,5044
2014-07-22,63627,21719,-12547,9172
2014-07-29,63353,20319,-10072,10247
2014-08-05,58328,15645,-15131,514
2014-08-12,54959,13015,-16752,-3737
2014-08-19,55644,13994,-15257,-1263
2014-08-26,60918,18066,-15313,2753
2014-09-02,64775,20144,-13566,6578
2014-09-09,64723,18859,-13133,5726
2014-09-16,85792,24228,-12543,11685
2014-09-23,67750,22270,-14532,7738
2014-09-30,69201,24463,-11442,13021
2014-10-07,66136,20033,-11448,8585
2014-10-14,59234,17437,-11603,5834
2014-10-21,55269,14010,-12294,1716
2014-10-28,56533,17863,-12229,5634
2014-11-04,66485,20442,-9410,11032
2014-11-11,67770,23307,-10596,12711
2014-11-18,71721,25181,-10823,14358
2014-11-25,71821,23184,-10896,12288
2014-12-02,75115,24543,-11243,13300
2014-12-09,83767,21601,-9171,12430
2014-12-16,99154,22853,-9442,13411
2014-12-23,53355,14414,-9639,4775
2014-12-30,56954,17687,-9701,7986
2015-01-06,56308,19294,-10013,9281
2015-01-13,55366,17667,-9816,7851
2015-01-20,50301,13779,-9278,4501
2015-01-27,52970,11598,-12415,-817
2015-02-03,52505,13228,-8514,4714
2015-02-10,53087,17274,-8332,8942
2015-02-17,58115,20908,-8540,12368
2015-02-24,58166,19723,-9200,10523
2015-03-03,58358,21096,-9204,11892
2015-03-10,55716,17701,-9326,8375
2015-03-17,54208,15665,-10638,5027
2015-03-24,53325,14971,-8773,6198
2015-03-31,48671,11178,-8041,3137
2015-04-07,48669,12330,-7697,4633
2015-04-14,54343,16564,-7944,8620
2015-04-21,50070,13956,-7935,6021
2015-04-28,57117,16318,-8098,8220
2015-05-05,53082,13546,-9900,3646
2015-05-12,53077,14676,-7130,7546
2015-05-19,60703,21232,-9895,11337
2015-05-26,56676,17146,-10024,7122
2015-06-02,57516,17099,-11021,6078
2015-06-09,58066,11387,-11500,-113
2015-06-16,55316,12635,-6659,5976
2015-06-23,53299,17431,-5407,12024
2015-06-30,44827,8709,-9099,-390
2015-07-07,43659,9482,-9087,395
2015-07-14,47511,13613,-9093,4520
2015-07-21,47433,10570,-9301,1269
2015-07-28,46258,9772,-12826,-3054
2015-08-04,48166,10821,-12112,-1291
2015-08-11,47419,10418,-15837,-5419
2015-08-18,46724,10289,-15523,-5234
2015-08-25,46395,9798,-17726,-7928
2015-09-01,42344,8405,-14196,-5791
2015-09-08,43620,10137,-11183,-1046
2015-09-15,48589,10586,-12129,-1543
2015-09-22,29388,8230,-10239,-2009
2015-09-29,31990,10960,-10803,157
2015-10-06,34668,13130,-12187,943
2015-10-13,37572,14124,-12347,1777
2015-10-20,37727,12428,-12321,107
2015-10-27,38703,12172,-10371,1801
2015-11-03,47790,16900,-11205,5695
2015-11-10,51867,19964,-9440,10524
2015-11-17,49731,17049,-10487,6562
2015-11-24,51507,19594,-10716,8878
2015-12-01,53404,20930,-12326,8604
2015-12-08,51296,18560,-10820,7740
2015-12-15,62230,20308,-8972,11336
2015-12-22,39066,14938,-6467,8471
2015-12-29,41172,16457,-6197,10260
2016-01-05,37445,14055,-9060,4995
2016-01-12,33166,10895,-6547,4348
2016-01-19,30588,8004,-6687,1317
2016-01-26,30555,8149,-7552,597
2016-02-02,29967,7564,-7548,16
2016-02-09,32237,7795,-8268,-473
2016-02-16,31478,6833,-7000,-167
2016-02-23,28952,6829,-5566,1263
2016-03-01,31216,7514,-5414,2100
2016-03-08,33243,8553,-7409,1144
2016-03-15,44843,9700,-9286,414
2016-03-22,45580,17390,-13954,3436
2016-03-29,50968,20804,-14538,6266
2016-04-05,56474,23739,-15182,8557
2016-04-12,58324,24846,-16829,8017
2016-04-19,59763,24999,-17598,7401
2016-04-26,60869,25610,-19471,6139
2016-05-03,62293,26631,-17098,9533
2016-05-10,65060,28754,-16528,12226
2016-05-17,55806,23957,-14892,9065
2016-05-24,58780,27353,-13677,13676
2016-05-31,61198,27604,-14235,13369
2016-06-07,65122,28402,-15593,12809
2016-06-14,74270,32927,-12300,20627
2016-06-21,56193,32305,-10713,21592
2016-06-28,47108,24762,-4674,20088
2016-07-05,49640,27627,-4989,22638
2016-07-12,55987,31170,-6420,24750
2016-07-19,63157,38649,-7219,31430
2016-07-26,67461,41623,-8122,33501
2016-08-02,69740,44061,-5817,38244
2016-08-09,71005,44907,-7500,37407
2016-08-16,72633,46016,-8181,37835
2016-08-23,73139,46501,-8377,38124
2016-08-30,72837,46385,-7609,38776
2016-09-06,74026,47460,-8249,39211
2016-09-13,78565,38561,-9285,29276
2016-09-20,58114,35501,-8363,27138
2016-09-27,60653,38693,-8256,30437
2016-10-04,61014,38865,-9579,29286
2016-10-11,60761,37746,-11436,26310
2016-10-18,58842,38043,-10112,27931
2016-10-25,57677,36208,-11903,24305
2016-11-01,58314,34678,-13569,21109
2016-11-08,58186,37184,-15435,21749
2016-11-15,61674,37923,-7978,29945
2016-11-22,67260,40187,-8882,31305
2016-11-29,72827,44672,-9412,35260
2016-12-06,71133,43514,-8951,34563
2016-12-13,84811,36696,-7472,29224
2016-12-20,63716,37304,-6657,30647
2016-12-27,64692,37127,-6959,30168
2017-01-03,69341,41822,-6760,35062
2017-01-10,65240,36829,-6174,30655
2017-01-17,65209,37367,-5309,32058
2017-01-24,67349,41054,-9297,31757
2017-01-31,64011,35988,-9727,26261
2017-02-07,64132,37048,-7997,29051
2017-02-14,63515,35201,-7796,27405
2017-02-21,63482,33659,-7938,25721
2017-02-28,69610,38128,-8372,29756
2017-03-07,73766,41150,-8489,32661
2017-03-14,88054,43178,-6622,36556
2017-03-21,66701,39718,-5425,34293
2017-03-28,67117,41480,-4765,36715
2017-04-04,64819,36736,-3690,33046
2017-04-11,64569,37591,-4343,33248
2017-04-18,65530,38555,-5202,33353
2017-04-25,66700,38123,-5856,32267
2017-05-02,63185,34330,-5276,29054
2017-05-09,60651,29917,-5450,24467
2017-05-16,60726,28703,-5873,22830
2017-05-23,60170,28751,-6782,21969
2017-05-30,59950,30320,-7317,23003
2017-06-06,62343,31650,-6906,24744
2017-06-13,71798,33725,-7030,26695
2017-06-20,61134,34545,-3901,30644
2017-06-27,65668,38946,-5037,33909
2017-07-03,67412,40831,-4205,36626
2017-07-11,64752,39098,-4292,34806
2017-07-18,64619,39472,-5453,34019
2017-07-25,65152,39925,-4986,34939
2017-08-01,68506,41739,-8742,32997
2017-08-08,71449,45252,-9185,36067
2017-08-15,75987,50425,-6773,43652
2017-08-22,76255,50578,-4499,46079
2017-08-29,77718,50255,-6610,43645
2017-09-05,74819,46191,-6705,39486
2017-09-12,84360,47312,-5862,41450
2017-09-19,76971,49588,-6219,43369
2017-09-26,78934,53393,-5533,47860
2017-10-03,77180,49902,-6960,42942
2017-10-10,77870,49298,-8472,40826
2017-10-17,78925,47966,-8082,39884
2017-10-24,81044,48314,-8073,40241
2017-10-31,79979,48441,-7990,40451
2017-11-07,78121,45149,-7105,38044
2017-11-14,79161,45307,-5157,40150
2017-11-21,77797,42210,-6335,35875
2017-11-28,76112,39853,-7381,32472
2017-12-05,78456,43059,-6983,36076
2017-12-12,86632,42164,-5808,36356
2017-12-19,72370,40410,-5712,34698
2017-12-26,72295,41615,-5529,36086
2018-01-02,74369,43233,-5472,37761
2018-01-09,75319,41129,-7736,33393
2018-01-16,78618,44050,-9192,34858
2018-01-23,78388,40162,-9006,31156
2018-01-30,77825,40739,-7674,33065
2018-02-06,66241,32641,-10539,22102
2018-02-13,63084,25694,-15037,10657
2018-02-20,58963,23250,-13677,9573
2018-02-27,59086,22003,-10867,11136
2018-03-06,58398,23520,-10813,12707
2018-03-13,73002,22899,-11628,11271
2018-03-20,53163,21703,-8069,13634
2018-03-27,51868,21104,-7538,13566
2018-04-03,48454,18560,-8779,9781
2018-04-10,48443,16867,-8150,8717
2018-04-17,50772,17349,-8721,8628
2018-04-24,53519,15143,-15262,-119
2018-05-01,51939,16185,-15003,1182
2018-05-08,51551,16776,-15441,1335
2018-05-15,51111,16111,-11049,5062
2018-05-22,51450,15984,-8865,7119
2018-05-29,52530,16162,-9639,6523
2018-06-05,48855,16345,-7523,8822
2018-06-12,57351,17535,-5497,12038
2018-06-19,43300,16190,-9508,6682
2018-06-26,43398,15398,-11797,3601
2018-07-03,41911,14866,-9017,5849
2018-07-10,42365,15373,-7418,7955
2018-07-17,43209,16602,-6438,10164
2018-07-24,44888,18771,-8082,10689
2018-07-31,46664,20384,-7700,12684
2018-08-07,50128,22964,-8076,14888
2018-08-14,49010,21599,-8486,13113
2018-08-21,51229,23006,-8919,14087
2018-08-28,52653,24949,-9043,15906
2018-09-04,53146,25983,-7942,18041
2018-09-11,54437,26907,-7604,19303
2018-09-18,64537,27090,-6465,20625
2018-09-25,53775,30921,-5891,25030
2018-10-02,57182,33370,-5985,27385
2018-10-09,52344,28484,-5933,22551
2018-10-16,46361,20338,-7160,13178
2018-10-23,44831,19892,-7720,12172
2018-10-30,43677,17965,-8690,9275
2018-11-06,41582,18138,-7121,11017
2018-11-13,42482,18759,-3857,14902
2018-11-20,38900,13213,-3863,9350
2018-11-27,39163,13643,-3613,10030
2018-12-04,38536,15490,-3335,12155
2018-12-11,36811,14502,-3416,11086
2018-12-18,47207,16192,-4504,11688
2018-12-24,41713,21321,-3935,17386
2018-12-31,36864,17495,-3788,13707
2019-01-08,37228,16876,-4343,12533
2019-01-15,37610,17272,-6171,11101
2019-01-22,38510,17093,-7711,9382
2019-01-29,39174,15908,-9017,6891
2019-02-05,42870,15892,-12490,3402
2019-02-12,41834,16590,-10543,6047
2019-02-19,41069,16780,-8990,7790
2019-02-26,42707,18630,-8114,10516
2019-03-05,44409,19801,-9569,10232
2019-03-12,48613,18561,-7215,11346
2019-03-19,39831,19936,-10349,9587
2019-03-26,39096,18426,-5323,13103
2019-04-02,39880,17522,-5255,12267
2019-04-09,39565,18646,-5085,13561
2019-04-16,40945,18270,-4540,13730
2019-04-23,40466,17054,-4722,12332
2019-04-30,41063,17738,-5630,12108
2019-05-07,41408,20830,-5480,15350
2019-05-14,40445,20085,-8905,11180
2019-05-21,38661,16949,-8395,8554
2019-05-28,39694,12774,-8461,4313
2019-06-04,39206,9972,-8907,1065
2019-06-11,37341,10111,-6984,3127
2019-06-18,43795,14402,-6132,8270
2019-06-25,41325,22791,-4559,18232
2019-07-02,42532,22923,-3723,19200
2019-07-09,40651,20935,-4576,16359
2019-07-16,48891,27639,-5109,22530
2019-07-23,46842,26371,-4150,22221
2019-07-30,50564,27688,-4409,23279
2019-08-06,49129,29021,-3310,25711
2019-08-13,45609,25025,-3224,21801
2019-08-20,41103,21113,-2797,18316
2019-08-27,40195,20490,-2917,17573
2019-09-03,40519,21296,-2461,18835
2019-09-10,44467,23866,-3905,19961
2019-09-17,59753,25230,-3326,21904
2019-09-24,50109,26985,-3816,23169
2019-10-01,51743,27004,-4062,22942
2019-10-08,49078,21776,-2864,18912
2019-10-15,52347,23204,-3946,19258
2019-10-22,53193,24140,-4235,19905
2019-10-29,57263,25207,-5028,20179
2019-11-05,57565,25375,-5831,19544
2019-11-12,56876,23749,-4849,18900
2019-11-19,55084,21778,-6213,15565
2019-11-26,53659,20718,-5353,15365
2019-12-03,50967,18655,-5960,12695
2019-12-10,53903,20840,-10463,10377
2019-12-17,60779,21746,-10789,10957
2019-12-24,51518,22274,-9399,12875
2019-12-31,53616,23784,-10692,13092
2020-01-07,49078,20290,-8756,11534
2020-01-14,50993,22724,-9351,13373
2020-01-21,51888,23040,-7009,16031
2020-01-28,52420,23751,-4629,19122
2020-02-04,51291,24193,-5327,18866
2020-02-11,51211,19042,-4465,14577
2020-02-18,51736,18639,-5020,13619
2020-02-25,50734,18336,-5155,13181
2020-03-03,44848,12539,-5355,7184
2020-03-10,42743,11575,-3604,7971
2020-03-17,41341,7466,-2907,4559
2020-03-24,25081,4390,-3059,1331
2020-03-31,28194,3718,-8540,-4822
2020-04-07,26996,5681,-8740,-3059
2020-04-14,30200,6222,-10196,-3974
2020-04-21,30798,6399,-12009,-5610
2020-04-28,33751,6258,-12735,-6477
2020-05-05,33234,6323,-14440,-8117
2020-05-12,34803,6303,-14585,-8282
2020-05-19,36842,5471,-13394,-7923
2020-05-26,38789,6225,-13418,-7193
2020-06-02,39058,7080,-15943,-8863
2020-06-09,39723,8106,-15200,-7094
2020-06-16,46180,6398,-20774,-14376
2020-06-23,36461,6842,-21190,-14348
2020-06-30,37388,6931,-19869,-12938
2020-07-07,35844,7605,-18550,-10945
2020-07-14,40025,14170,-17862,-3692
2020-07-21,39745,13287,-17660,-4373
2020-07-28,41117,13914,-17065,-3151
2020-08-04,45154,16233,-19428,-3195
2020-08-11,47392,16800,-18398,-1598
2020-08-18,46229,15939,-17549,-1610
2020-08-25,42244,12878,-17330,-4452
2020-09-01,41003,12071,-16485,-4414
2020-09-08,36683,9437,-17547,-8110
2020-09-15,44088,9935,-17876,-7941
2020-09-22,34886,8680,-17346,-8666
2020-09-29,37025,11795,-17370,-5575
2020-10-06,42881,16678,-17359,-681
2020-10-13,44989,17092,-16838,254
2020-10-20,47565,20699,-17535,3164
2020-10-27,48635,18786,-17498,1288
2020-11-03,44597,14304,-16069,-1765
2020-11-10,46842,16613,-17101,-488
2020-11-17,47984,14922,-17308,-2386
2020-11-24,49293,13047,-17886,-4839
2020-12-01,47034,10522,-18653,-8131
2020-12-08,51358,12544,-18871,-6327
2020-12-15,53587,10773,-19593,-8820
2020-12-21,40772,11718,-18217,-6499
2020-12-29,40919,11914,-18146,-6232
2021-01-05,40600,12039,-18369,-6330
2021-01-12,42106,12138,-18299,-6161
2021-01-19,43314,11133,-17992,-6859
2021-01-26,44757,11463,-19124,-7661
2021-02-02,49889,16659,-19524,-2865
2021-02-09,49829,17483,-19406,-1923
2021-02-16,46942,14839,-18590,-3751
2021-02-23,46040,14760,-18113,-3353
2021-03-02,44698,9925,-20341,-10416
2021-03-09,46402,8133,-20283,-12150
2021-03-16,54432,9342,-18687,-9345
2021-03-23,45440,10739,-17644,-6905
2021-03-30,44724,11222,-18497,-7275
2021-04-06,47120,13321,-19348,-6027
2021-04-13,46072,13536,-19230,-5694
2021-04-20,45617,12538,-16982,-4444
2021-04-27,45600,12761,-16789,-4028
2021-05-04,45992,13962,-16609,-2647
2021-05-11,49322,15486,-19158,-3672
2021-05-18,47834,14947,-19461,-4514
2021-05-25,49408,15705,-22227,-6522
2021-06-01,51621,17140,-22023,-4883
2021-06-08,53147,16548,-20958,-4410
2021-06-15,59702,15328,-20372,-5044
2021-06-22,51309,13931,-21504,-7573
2021-06-29,52814,19344,-19757,-413
2021-07-06,52986,20043,-16868,3175
2021-07-13,55827,23339,-18734,4605
2021-07-20,51350,18926,-20886,-1960
2021-07-27,51277,20283,-20470,-187
2021-08-03,55408,24204,-20913,3291
2021-08-10,57378,23447,-22003,1444
2021-08-17,53963,21125,-23098,-1973
2021-08-24,53847,21850,-22546,-696
2021-08-31,54638,21926,-23197,-1271
2021-09-07,53390,17277,-22348,-5071
2021-09-14,60533,16106,-22057,-5951
2021-09-21,47942,12393,-20793,-8400
2021-09-28,49272,14842,-18683,-3841
2021-10-05,48120,14645,-17733,-3088
2021-10-12,51020,16092,-18233,-2141
2021-10-19,53020,20053,-18237,1816
2021-10-26,54648,20776,-19907,869
2021-11-02,57066,22951,-20407,2544
2021-11-09,51733,18284,-18991,-707
2021-11-16,51900,18282,-20421,-2139
2021-11-23,53046,19566,-20642,-1076
2021-11-30,50802,17042,-20460,-3418
2021-12-07,51530,18864,-21141,-2277
2021-12-14,60334,15591,-18930,-3339
2021-12-21,45692,13681,-18314,-4633
2021-12-28,48375,17808,-18387,-579
2022-01-04,50879,20942,-17325,3617
2022-01-11,46567,16202,-17603,-1401
2022-01-18,47351,12312,-17484,-5172
2022-01-25,46318,12965,-18103,-5138
2022-02-01,43683,12229,-17017,-4788
2022-02-08,41397,12029,-15460,-3431
2022-02-15,40696,10555,-15230,-4675
2022-02-22,39796,9208,-15866,-6658
2022-03-01,39034,8712,-16447,-7735
2022-03-08,38780,8681,-14639,-5958
2022-03-15,46279,7656,-13710,-6054
2022-03-22,31512,5410,-12832,-7422
2022-03-29,32654,3870,-13582,-9712
2022-04-05,33316,5048,-13912,-8864
2022-04-12,35593,4454,-15910,-11456
2022-04-19,38811,7779,-15171,-7392
2022-04-26,42232,6375,-17268,-10893
2022-05-03,39724,6531,-16121,-9590
2022-05-10,41470,6618,-18197,-11579
2022-05-17,40099,7276,-19020,-11744
2022-05-24,41510,7678,-19714,-12036
2022-05-31,42241,7100,-20159,-13059
2022-06-07,40205,7587,-17807,-10220
2022-06-14,46792,7247,-18392,-11145
2022-06-21,34512,5155,-17892,-12737
2022-06-28,33380,4506,-17042,-12536
2022-07-05,33719,5527,-17068,-11541
2022-07-12,33627,6837,-16759,-9922
2022-07-19,35639,8784,-16702,-7918
2022-07-26,36644,7978,-18570,-10592
2022-08-02,36310,8081,-17291,-9210
2022-08-09,37697,10004,-16359,-6355
2022-08-16,40519,11608,-15090,-3482
2022-08-23,40390,12739,-15036,-2297
2022-08-30,38715,13362,-14072,-710
2022-09-06,38363,11615,-16419,-4804
2022-09-13,46289,10331,-16174,-5843
2022-09-20,32745,7658,-15375,-7717
2022-09-27,33528,7155,-16770,-9615
2022-10-04,33326,6594,-14844,-8250
2022-10-11,32966,7568,-14443,-6875
2022-10-18,34618,7111,-15536,-8425
2022-10-25,35360,8080,-15015,-6935
2022-11-01,37908,10261,-14360,-4099
2022-11-08,38875,10626,-14798,-4172
2022-11-15,36917,7502,-12807,-5305
2022-11-22,39633,10335,-13530,-3195
2022-11-29,39542,10608,-13679,-3071
2022-12-06,40889,10989,-16791,-5802
2022-12-13,53227,11706,-17977,-6271
2022-12-20,36303,12526,-15748,-3222
2022-12-27,37475,11737,-17759,-6022
2023-01-03,39866,12624,-18570,-5946
2023-01-10,38814,12972,-17543,-4571
2023-01-17,41330,12924,-18230,-5306
2023-01-24,38826,10553,-15536,-4983
2023-01-31,40193,10670,-15384,-4714
2023-02-07,43150,13567,-16709,-3142
2023-02-14,43725,14256,-17625,-3369
2023-02-21,45644,13672,-21795,-8123
2023-02-28,44956,12808,-20811,-8003
2023-03-07,44709,13592,-19945,-6353
2023-03-14,52119,10098,-20138,-10040
2023-03-21,40874,7802,-18876,-11074
2023-03-28,38175,6095,-17880,-11785
2023-04-04,44146,7151,-18964,-11813
2023-04-11,45132,8705,-19528,-10823
2023-04-18,48031,9448,-21647,-12199
2023-04-25,49609,11415,-24251,-12836
2023-05-02,97094,25933,-46924,-20991
2023-05-09,96996,24886,-44562,-19676
2023-05-16,99483,24497,-46329,-21832
2023-05-23,97077,21513,-44545,-23032
2023-05-30,98019,20345,-42456,-22111
2023-06-06,103684,19206,-42409,-23203
2023-06-13,106498,18584,-34353,-15769
2023-06-20,87911,19335,-35194,-15859
2023-06-27,92561,21039,-39961,-18922
2023-07-03,95161,24233,-37315,-13082
2023-07-11,97782,23205,-41790,-18585
2023-07-18,102267,29709,-36850,-7141
2023-07-25,114947,36083,-33714,2369
2023-08-01,115736,36147,-33642,2505
2023-08-08,106566,33027,-28996,4031
2023-08-15,104216,32257,-35478,-3221
2023-08-22,97208,22926,-37644,-14718
2023-08-29,96960,25225,-35225,-10000
2023-09-05,93933,22245,-33969,-11724
2023-09-12,102910,22788,-35688,-12900
2023-09-19,86992,19016,-36785,-17769
2023-09-26,92551,18237,-39855,-21618
2023-10-03,100823,19480,-51927,-32447
2023-10-10,94607,17675,-52327,-34652
2023-10-17,96554,18161,-53372,-35211
2023-10-24,104581,25159,-61119,-35960
2023-10-31,103936,23780,-59891,-36111
2023-11-07,103306,22730,-59806,-37076
2023-11-14,101030,20914,-57427,-36513
2023-11-21,94498,16401,-50709,-34308
2023-11-28,100979,22535,-47590,-25055
2023-12-05,94870,26253,-25945,308
2023-12-12,112076,25968,-22517,3451
2023-12-19,100329,29883,-22760,7123
2023-12-26,98501,28469,-17316,11153
2024-01-02,103364,34309,-14767,19542
2024-01-09,103318,36987,-12908,24079
2024-01-16,100152,33560,-15276,18284
2024-01-23,101763,33822,-14760,19062
2024-01-30,110393,40612,-14781,25831
2024-02-06,104421,33274,-12289,20985
2024-02-13,105714,33947,-12403,21544
2024-02-20,104742,33012,-15071,17941
2024-02-27,106563,33554,-14233,19321
2024-03-05,101334,30685,-15242,15443
2024-03-12,115061,31031,-14018,17013
2024-03-19,93851,35688,-13243,22445
2024-03-26,92741,32236,-12224,20012
2024-04-02,93520,32106,-15511,16595
2024-04-09,92484,28859,-11898,16961
2024-04-16,93614,23705,-10026,13679
2024-04-23,90835,19266,-12414,6852
2024-04-30,89960,17883,-12685,5198
2024-05-07,92752,19305,-10641,8664
2024-05-14,99207,24739,-8966,15773
2024-05-21,103626,30728,-10291,20437
2024-05-28,97243,22285,-9141,13144
2024-06-04,100634,21008,-12722,8286
2024-06-11,107902,19838,-17462,2376
2024-06-18,114233,17190,-15666,1524
2024-06-25,84823,16170,-16684,-514
2024-07-02,82128,18305,-11577,6728
2024-07-09,88307,22317,-14522,7795
2024-07-16,99652,30568,-15327,15241
2024-07-23,91047,25941,-14575,11366
2024-07-30,92185,27554,-14016,13538
2024-08-06,84440,21484,-14115,7369
2024-08-13,81881,18012,-16775,1237
2024-08-20,87145,22507,-15779,6728
2024-08-27,92406,21999,-15075,6924
2024-09-03,85167,19772,-12636,7136
2024-09-10,85971,19636,-11468,8168
2024-09-17,101534,22931,-9878,13053
2024-09-24,87645,23223,-7787,15436
2024-10-01,89570,25145,-8095,17050
2024-10-08,84731,20585,-6299,14286
2024-10-15,91117,23983,-11383,12600
2024-10-22,91035,24760,-12524,12236
2024-10-29,89974,23118,-13493,9625
2024-11-05,86343,24195,-11264,12931
2024-11-12,88312,26664,-12998,13666
2024-11-19,86770,20016,-12464,7552
2024-11-26,89349,24909,-13413,11496
2024-12-03,92337,26196,-15696,10500
2024-12-10,92474,24147,-14026,10121
2024-12-17,108960,20489,-14890,5599
2024-12-24,82150,18570,-12595,5975
2024-12-31,83957,17408,-12768,4640
2025-01-07,85367,15722,-12963,2759
2025-01-14,81768,14679,-13233,1446
2025-01-21,81691,13377,-11050,2327
2025-01-28,85619,15451,-13180,2271
2025-02-04,82475,13205,-11484,1721
2025-02-11,81382,14179,-11302,2877
2025-02-18,82322,14587,-15628,-1041
2025-02-25,81664,16132,-17677,-1545
2025-03-04,77647,14850,-14785,65
2025-03-11,77307,12659,-11439,1220
2025-03-18,94597,10737,-10256,481
2025-03-25,74443,8894,-13100,-4206
2025-04-01,74497,9846,-12450,-2604
2025-04-08,73838,9192,-7872,1320
2025-04-15,73931,8422,-8181,241
2025-04-22,78992,9623,-8736,887
2025-04-29,78341,13202,-7653,5549
2025-05-06,76175,12694,-6899,5795
2025-05-13,77515,13259,-6145,7114
2025-05-20,78995,14117,-5970,8147
2025-05-27,80388,16567,-5389,11178
2025-06-03,85461,16693,-7067,9626
2025-06-10,88212,17872,-8647,9225
2025-06-17,103343,19814,-9214,10600
2025-06-24,82269,14950,-8564,6386
2025-07-01,86845,16389,-10245,6144
2025-07-08,85138,15147,-10844,4303
2025-07-15,83480,15546,-12014,3532
2025-07-22,86201,13879,-12688,1191
2025-07-29,86736,11943,-14888,-2945
2025-08-05,87993,9770,-13685,-3915
2025-08-12,88755,11091,-13503,-2412
2025-08-19,85223,12445,-15386,-2941
2025-08-26,86477,10807,-13655,-2848
2025-09-02,84001,7734,-12435,-4701
2025-09-09,89055,10976,-13087,-2111
2025-09-16,100891,6931,-16748,-9817
2025-09-23,78112,13217,-13194,23
2025-09-30,78830,8387,-23116,-14729
2025-10-07,82515,10816,-23496,-12680
2025-10-14,85017,9390,-23015,-13625
2025-10-21,92051,13509,-24639,-11130
2025-10-28,92593,14152,-22900,-8748
2025-11-04,88387,11405,-22520,-11115
2025-11-10,81781,9350,-23116,-13766
2025-11-18,82876,8567,-26628,-18061
2025-11-25,85923,5461,-27352,-21891
2025-12-02,82132,5972,-25721,-19749
2025-12-09,83015,7983,-26161,-18178
2025-12-16,90249,9200,-26174,-16974
2025-12-23,61462,10845,-10975,-130
2025-12-30,61375,10476,-10966,-490
2026-01-06,66021,15100,-10993,4107
2026-01-13,68752,17348,-16711,637
2026-01-20,70237,17652,-20923,-3271
2026-01-27,70906,20044,-18900,1144
2026-02-03,70011,20011,-18964,1047
2026-02-10,74433,21453,-20020,1433
2026-02-17,68377,20072,-21607,-1535
2026-02-24,73183,19165,-17045,2120
2026-03-03,75978,16739,-19590,-2851
2026-03-10,74984,13054,-15971,-2917
2026-03-17,96572,12991,-13945,-954
2026-03-24,67922,5330,-11893,-6563
2026-03-31,70828,6830,-10936,-4106
2026-04-07,68557,5015,-14589,-9574
2026-04-14,72089,7010,-11610,-4600
2026-04-21,74320,10471,-12202,-1731
2026-04-28,78128,10127,-11558,-1431
2026-05-05,82145,11045,-11722,-677
2026-05-12,86762,11445,-15007,-3562
2026-05-19,88152,7337,-18102,-10765
2026-05-26,86461,7803,-17127,-9324
2026-06-02,86937,11353,-16982,-5629
2026-06-09,84273,10995,-13534,-2539
2026-06-16,108853,13883,-9544,4339
2026-06-23,78956,19836,-10362,9474
2026-06-30,83306,23784,-11715,12069
2026-07-07,79726,21493,-10013,11480
2026-07-14,76483,20912,-7708,13204
2026-07-21,82002,24544,-10617,13927
2026-07-28,87436,25899,-6336,19563
